"Ciudad";"Lugar";"Tipo";"Categorías";"Prioridad";"Cuándo";"Dirección";"Google Maps";"Productos";"Precio de referencia";"Disponibilidad";"Contexto";"Consejo";"Contacto publicado";"Fuentes";"Fecha investigación"
"Lima";"Mercado Indio / Indian Market";"Galería artesanal turística";"mercados, vasijas";"comparar";"8–9 sep, si queda tiempo en Miraflores";"Av. Petit Thouars 5321, Miraflores";"https://www.google.com/maps/search/?api=1&query=Indian%20Market%20Petit%20Thouars%205321%20Miraflores%20Lima";"Textiles, cerámica, madera, joyería y recuerdos de varias regiones.";"A consultar. No hay una tarifa fiable por producto o puesto.";"Mercado documentado; ningún vendedor de vasijas silbadoras de agua confirmado.";"Forma parte del boulevard artesanal de Petit Thouars (cuadras 52–55). Permite comparar varios puestos, aunque vende una mezcla de artesanía y producción seriada.";"Comparar la misma fibra, tamaño y acabado. Preguntar quién hizo la pieza; no asumir que todo es local o tejido a mano.";"";"https://visitamiraflores.com/lugares/boulevard-de-los-artesanos-mercados-artesanales/";"6 septiembre 2026"
"Lima";"Inka Plaza";"Galería artesanal turística";"mercados, vasijas";"comparar";"8–9 sep, junto al Mercado Indio";"Av. Petit Thouars 5330, Miraflores";"https://www.google.com/maps/search/?api=1&query=Inka%20Plaza%20Petit%20Thouars%205330%20Miraflores%20Lima";"Telas, prendas, cerámica, accesorios y souvenirs.";"A consultar; sin precios verificables para vasijas silbadoras.";"Oferta general de artesanía; producto silbador concreto pendiente de localizar.";"La cercanía con otras galerías facilita comparar sin grandes desplazamientos. Es una zona comercial de artesanía para visitantes, no una feria campesina.";"Anotar modelo, material y precio de dos o tres puestos antes de decidir.";"";"https://visitamiraflores.com/lugares/boulevard-de-los-artesanos-mercados-artesanales/";"6 septiembre 2026"
"Lima";"Importaciones Luna Perú";"Tienda de instrumentos";"charangos";"comparar";"8–9 sep; requiere hacer hueco y confirmar atención";"Calle de las Ciencias 385, San Borja";"https://www.google.com/maps/search/?api=1&query=Importaciones%20Luna%20Peru%20Calle%20de%20las%20Ciencias%20385%20San%20Borja%20Lima";"Charango de estudio y modelo ayacuchano.";"S/300 de estudio con estuche; S/750 ayacuchano. Precios publicados, sujetos a confirmación.";"Modelos en catálogo; existencias y recogida a consultar.";"La referencia económica con precio publicado más clara de la investigación. El vendedor anuncia afinación y garantía para el modelo de estudio; verificar las condiciones.";"Valorar el desvío a San Borja y transportar el instrumento todo el viaje. Pedir una demostración afinada y confirmar qué estuche incluye.";"+51 993 255 866";"https://importacioneslunaperu.com/producto/charango-economico-basico-peru/ | https://importacioneslunaperu.com/producto/charango-ayacuchano-en-peru/";"6 septiembre 2026"
"Lima";"Home Music";"Tienda de instrumentos";"charangos";"comparar";"8–9 sep, solo si compensa el desplazamiento";"Jirón Río Virú 621, Los Olivos";"https://www.google.com/maps/search/?api=1&query=Home%20Music%20Jiron%20Rio%20Viru%20621%20Los%20Olivos%20Lima";"Charangos tallados Kjarkas y Aymara con funda.";"S/324 Kjarkas; S/348 otro tallado; S/422 Aymara. Modelos con funda según catálogo.";"Publicados en catálogo; confirmar stock y atención presencial.";"Referencia útil para comparar precios de iniciación. Los Olivos supone un desvío respecto al paseo de Lima; no reservar tiempo solo por una pequeña diferencia de precio.";"Comparar sonido y comodidad, además del tallado. Una funda blanda no equivale a un estuche rígido.";"+51 982 293 401";"https://www.homemusic.pe/categoria/instrumentos-autoctonos--108 | https://www.homemusic.pe/";"6 septiembre 2026"
"Lima";"Wari Runa · Leonidas Orellana";"Taller de cerámica de Quinua";"vasijas, artesanos";"confirmar";"8–9 sep, solo con atención y producto acordados";"Pasaje Los Artesanos, Huertos de Villa, Mz. 1, lote 4G, Chorrillos; confirmar numeración";"https://www.google.com/maps/search/?api=1&query=Wari%20Runa%20Pasaje%20Los%20Artesanos%20Chorrillos%20Lima";"Silbador de banda musical, escultura de cerámica modelada y pintada a mano.";"S/850, IGV incluido, por el Silbador de banda musical.";"Producto silbador anunciado; funcionamiento con agua pendiente de confirmar. No dar por actual el stock mostrado en la web.";"Taller de tradición alfarera ayacuchana. La pieza publicada mide 33,5 × 41,5 × 12 cm: es grande y no equivale necesariamente a la vasija de doble cámara buscada.";"Pedir vídeo con agua y presupuesto de embalaje. Confirmar la dirección exacta y el tamaño antes de añadir el desvío a Chorrillos.";"+51 976 131 257";"https://wariruna.ruraqmaki.pe/producto/silbador-de-banda-musical | https://wariruna.wixsite.com/wariruna";"6 septiembre 2026"
"Arequipa";"Centro Artesanal Fundo El Fierro";"Centro artesanal";"mercados, artesanos, vasijas";"prioritario";"10 sep, en el centro cerca de Santa Catalina";"San Francisco 407–413 / acceso por Puente Grau 213";"https://www.google.com/maps/search/?api=1&query=Centro%20Artesanal%20Fundo%20El%20Fierro%20Arequipa";"Textiles, cuero, cerámica, sillar tallado, joyería y decoración.";"A consultar. No se ha verificado una tarifa de vasijas silbadoras ni una ventaja de precio concreta.";"Centro artesanal documentado; no hay un taller especializado en vasijas de agua confirmado aquí.";"Buena parada para ver oficios y productos arequipeños en un mismo recinto. Pedir la procedencia de cada pieza: estar en un centro artesanal no garantiza fabricación propia en todos los puestos.";"Priorizarlo para artesanía variada en Arequipa y preguntar al autor por técnica, material y tiempo de elaboración.";"";"https://www.selvaexploraperu.com/atractivo/985-centro-artesanal-fundo-de-fierro/ | https://www.gob.pe/institucion/regionarequipa/noticias/817091-artesanos-muestran-lo-mejor-de-su-arte-en-el-fundo-el-fierro";"6 septiembre 2026"
"Arequipa";"Mercado San Camilo";"Mercado tradicional de abastos";"mercados";"comparar";"11 sep por la mañana, visita ya prevista";"Manzana entre San Camilo, Piérola, Perú y Alto de la Luna";"https://www.google.com/maps/search/?api=1&query=Mercado%20San%20Camilo%20Arequipa%20Peru";"Alimentos, especias y productos locales; algunos recuerdos.";"A consultar según producto y cantidad.";"Mercado tradicional; sin tienda de charangos o vasijas de agua confirmada.";"Interesa por la vida cotidiana y los productos típicos. La oferta principal es de abastos; para una selección amplia de artesanía conviene Fundo El Fierro.";"Comparar peso y envase en productos alimentarios. Para llevarlos a España, comprobar las condiciones de entrada aplicables al producto antes de comprar.";"";"https://www.iperu.org/los-mejores-mercados-de-arequipa-peru";"6 septiembre 2026"
"Arequipa";"Hermanos Jihuallanca";"Luthiers · referencia histórica";"charangos";"confirmar";"9–11 sep, únicamente tras confirmar que siguen allí";"Puente Bolognesi 143, tienda 7 — dirección publicada en 2008";"https://www.google.com/maps/search/?api=1&query=Puente%20Bolognesi%20143%20Arequipa%20Peru";"Charangos artesanales de Julio y Edgard Jihuallanca.";"A consultar; no hay tarifa actual fiable.";"Ubicación y actividad presencial actuales sin confirmar.";"La trayectoria como constructores está documentada, pero el contacto localizado es antiguo. El enlace de Maps busca la dirección histórica, no acredita una tienda abierta.";"No reservar tiempo ni desplazarse sin confirmar atención y existencia de instrumentos terminados.";"";"https://jihuallanca.blogspot.com/";"6 septiembre 2026"
"Pisac";"Mercado Artesanal de Pisac / Intihuatana";"Mercado artesanal popular";"mercados, vasijas";"prioritario";"12 sep, sábado, 13:00–13:45";"Calle Intihuatana, cerca de Plaza Constitución, y calles del centro";"https://www.google.com/maps/search/?api=1&query=Mercado%20Artesanal%20Intihuatana%20Pisac%20Peru";"Textiles, cerámica, platería, instrumentos y recuerdos andinos.";"A consultar. No hay precio ni puesto concreto confirmado para vasijas de doble cámara.";"Mercado documentado; preguntar por vasijas sin asumir existencias.";"Combina artesanos y revendedores. Hay artesanía a diario; el domingo suele haber más actividad, pero la parada del viaje es el sábado. La municipalidad promociona el mercado Intihuatana.";"Usarlo para una primera comparación. Para un charango que se pueda tocar, buscar Pacha y pedir una demostración; vigilar el tiempo del traslado.";"";"https://www.gob.pe/institucion/munipisac/noticias/1312965-importante-reunion-tripartita-en-la-gercetur-para-promocionar-el-mercado-artesanal-y-otros-de-interes-turistico-de-pisac | https://consultasenlinea.mincetur.gob.pe/fichaInventario/index.aspx?cod_Ficha=10176";"6 septiembre 2026"
"Pisac";"Pacha Instrumentos";"Tienda de instrumentos";"charangos";"prioritario";"12 sep, aprovechando la parada en el mercado";"Calle Callao · código de ubicación H4HX+3C7";"https://www.google.com/maps/search/?api=1&query=Pacha%20Instrumentos%20Callao%20Pisac%20Peru";"Instrumentos andinos; reseñas que mencionan charangos.";"A consultar. S/300–500 es un presupuesto de búsqueda para iniciación, no una tarifa de Pacha.";"Venta de charangos mencionada por clientes; stock, calidad y precio actuales por confirmar.";"Primera comparación práctica antes de Cusco. La información procede de fichas y reseñas, no de un inventario actual del vendedor.";"Pedir que afinen y toquen dos modelos. Anotar precio, fabricante, madera y funda para comparar después con Sabino.";"+51 935 842 931";"https://cityperu.com/tienda-de-instrumentos-musicales/pisac/pacha-instrumentos/ | https://pe.todosnegocios.com/pacha-instrumentos-935-842-931";"6 septiembre 2026"
"Urubamba";"Mercado Modelo de Urubamba";"Mercado tradicional de abastos";"mercados";"comparar";"11–14 sep, si queda una mañana libre";"Centro urbano, junto al jirón Huáscar; buscar el mercado por nombre";"https://www.google.com/maps/search/?api=1&query=Mercado%20Modelo%20Urubamba%20Peru";"Productos agrícolas, alimentos, condimentos y artículos cotidianos.";"A consultar según producto.";"Mercado documentado. Sin tienda actual de vasijas silbadoras identificada en Urubamba.";"Parada de vida local. No se ha encontrado una oferta amplia de artesanía tradicional comparable a Pisac o Chinchero; las referencias de calles de acceso varían.";"No añadirlo como parada obligatoria. La referencia al ceramista Alfredo Walter Najarro describe una visita de 2017, sin dirección comercial actual verificable.";"";"https://www.gob.pe/institucion/muniurubamba/noticias/1367227-la-municipalidad-de-urubamba-avanza-con-la-pavimentacion-del-jiron-huascar-en-beneficio-de-la-poblacion | https://museo.precolombino.cl/wp-content/uploads/2026/05/Cantarino_Version-digital_2026.pdf";"6 septiembre 2026"
"Chinchero";"Feria dominical de Chinchero";"Feria tradicional";"mercados, artesanos";"prioritario";"13 sep, domingo, durante la visita";"Centro de Chinchero, entorno de la plaza histórica y la iglesia";"https://www.google.com/maps/search/?api=1&query=Mercado%20dominical%20Chinchero%20Cusco%20Peru";"Mantas, fajas, chullos, tejidos y productos de intercambio local.";"A consultar; fibra, densidad del tejido y trabajo manual cambian mucho el precio.";"Feria dominical documentada. No se garantiza observar trueque ni encontrar vasijas silbadoras.";"Una de las paradas que mejor encaja con la búsqueda de tradición textil. La feria y los puestos turísticos coexisten; preguntar por la comunidad y la técnica de cada pieza.";"Priorizar el paseo por la feria sin asumir que toda demostración textil implica fabricación manual de todos los productos vendidos.";"";"https://www.turismoperuano.com/feria-de-chinchero-cusco";"6 septiembre 2026"
"Chinchero";"CTTC · Away Riqcharicheq";"Centro de tejedoras y tienda";"artesanos";"confirmar";"13 sep solo si confirman apertura dominical";"Calle Manzanares s/n, Chinchero";"https://www.google.com/maps/search/?api=1&query=CTTC%20Away%20Riqcharicheq%20Calle%20Manzanares%20Chinchero";"Textiles de comunidades vinculadas al Centro de Textiles Tradicionales del Cusco.";"A consultar; no hay una tarifa general comparable a un puesto de souvenirs.";"Sede documentada; apertura el domingo 13 pendiente de confirmar.";"Permite conocer técnicas de tejido y teñido. La web publica lunes–viernes 9:00–16:30 y sábado 9:00–16:00; no publica horario para el domingo de vuestra visita.";"Si no abre, usar CTTC Cusco (El Sol 603) el 17 junto a Qorikancha. No contar la demostración como reserva confirmada.";"";"https://www.textilescusco.org/contact";"6 septiembre 2026"
"Maras / Moray";"Puestos de las Salineras de Maras";"Tiendas de acceso turístico";"mercados";"comparar";"13 sep, al visitar las salineras";"Zona de acceso y servicios de las Salineras de Maras";"https://www.google.com/maps/search/?api=1&query=Salineras%20de%20Maras%20tiendas%20Peru";"Sal de Maras y productos elaborados con sal, además de recuerdos.";"A consultar según peso, variedad y presentación.";"Tiendas recogidas en la web del recinto; vasijas y charangos sin oferta específica confirmada.";"Parada útil para un producto ligado al lugar. Son tiendas del recinto turístico, no un mercado tradicional de artesanía variada. Moray no añade un mercado artesanal identificado.";"Comparar precio por peso y envases bien cerrados. No prolongar la parada sin revisar el horario del circuito.";"";"https://saldemaras.pe/turismo/";"6 septiembre 2026"
"Ollantaytambo";"Mercado Artesanal de Ollantaytambo";"Mercado artesanal turístico";"mercados, vasijas";"comparar";"14 sep, al salir de las ruinas";"Frente al acceso al parque arqueológico, zona Manyaraki / Araccama";"https://www.google.com/maps/search/?api=1&query=Mercado%20Artesanal%20Ollantaytambo%20Peru";"Textiles, cerámica, accesorios y souvenirs andinos.";"A consultar; sin tarifa verificable para vasijas silbadoras.";"Mercado documentado; vendedor de vasijas de agua sin confirmar.";"Muy cómodo por su ubicación. La oferta mezcla recuerdos comerciales y piezas artesanales; revisar la procedencia si buscáis tradición y autoría.";"Mirar sin compromiso y comparar con Pisac. Para textiles con productor identificable, contrastar con Awamaki.";"";"https://www.tripadvisor.es/Attraction_Review-g294319-d8028490-Reviews-Mercado_Artesanal-Ollantaytambo_Sacred_Valley_Cusco_Region.html";"6 septiembre 2026"
"Ollantaytambo";"Awamaki";"Tienda de una organización textil";"artesanos";"prioritario";"14 sep, si encaja en el paseo";"Calle Principal, Ollantaytambo; confirmar punto actual en la página de contacto";"https://www.google.com/maps/search/?api=1&query=Awamaki%20Ollantaytambo%20Peru";"Textiles y accesorios elaborados con cooperativas de mujeres quechuas.";"Consultar precio por pieza y material; sin tarifa local verificada en la investigación.";"Organización y tienda documentadas; confirmar ubicación y horario antes de ir.";"Complementa el mercado para una compra con origen identificable. No es un mercado ni se ha demostrado que sea la opción de menor precio.";"Preguntar quién tejió la pieza y su composición. Elegir por trabajo y procedencia, no compararla solo con un souvenir de máquina.";"";"https://www.awamaki.org/pages/contact";"6 septiembre 2026"
"Aguas Calientes";"Mercado Artesanal de Aguas Calientes";"Mercado artesanal turístico";"mercados, vasijas";"comparar";"15–16 sep, de paso entre la estación y el centro";"Junto a la estación ferroviaria, zona de Las Orquídeas";"https://www.google.com/maps/search/?api=1&query=Mercado%20Artesanal%20Aguas%20Calientes%20Machu%20Picchu%20Peru";"Textiles, cerámica, instrumentos andinos y recuerdos de Machu Picchu.";"A consultar; no hay precios verificables para una vasija silbadora.";"Oferta general documentada; ninguna vasija de agua concreta confirmada.";"Sirve para una compra de paso. Para priorizar tradición y conversar con un artesano, dar preferencia a los centros y talleres identificados del Valle y Cusco.";"No dejar aquí una compra imprescindible ni apurar el tren por negociar. Machu Picchu es la visita arqueológica, no una parada adicional de mercado.";"";"https://peru.viajandox.com/cusco/mercado-artesanal-de-aguas-calientes-A333";"6 septiembre 2026"
"Cusco";"Centro Artesanal Cusco";"Centro artesanal con numerosos puestos";"mercados, vasijas";"prioritario";"17–18 sep, con un hueco específico";"Cruce de Av. El Sol y Tullumayo, frente a la Paccha de Pumaqchupan";"https://www.google.com/maps/search/?api=1&query=Centro%20Artesanal%20Cusco%20Avenida%20El%20Sol%20Tullumayo";"Textiles, cerámica, joyería, cuero y recuerdos variados.";"A consultar por puesto y producto. No se ha verificado una tarifa de vasijas silbadoras.";"Centro documentado; puesto con la vasija buscada pendiente de localizar.";"Buena concentración de oferta para comparar acabados y precios. No hay evidencia suficiente para asegurar que sea el más barato ni que tenga vasijas de doble cámara disponibles.";"Pedir prueba con agua y documentación de la réplica antes de pagar. Comprar el 17 no garantiza tiempo para obtener un certificado oficial.";"";"https://centroartesanalcusco.com/ | https://terandes.com/es/blog/cusco/mercados/centro-artesanal-textil/";"6 septiembre 2026"
"Cusco";"Mercado de San Pedro";"Mercado tradicional de abastos y recuerdos";"mercados, vasijas";"comparar";"18 sep, 16:00–17:00, visita ya prevista";"Calle Cascaparo, frente a la iglesia de San Pedro";"https://www.google.com/maps/search/?api=1&query=Mercado%20Central%20de%20San%20Pedro%20Cascaparo%20Cusco";"Café, chocolate, alimentos, condimentos, textiles y souvenirs.";"A consultar; no se ha demostrado que una vasija silbadora sea más barata aquí.";"Mercado documentado; oferta específica de vasijas de agua sin confirmar.";"Combina vida cotidiana y puestos para visitantes. Es útil para pequeños regalos, pero la artesanía manual debe comprobarse pieza por pieza.";"Revisar composición de prendas y tamaño de los envases. Pedir un presupuesto comparable y evitar dejar una réplica con trámites para esta última tarde.";"";"https://consultasenlinea.mincetur.gob.pe/fichaInventario/index.aspx?cod_Ficha=6899";"6 septiembre 2026"
"Cusco";"Talleres y tiendas de San Blas";"Barrio artesanal";"mercados, artesanos";"prioritario";"17 sep, jueves, 16:00–17:30";"Plazoleta de San Blas, Tandapata y calles próximas";"https://www.google.com/maps/search/?api=1&query=Plazoleta%20San%20Blas%20Tandapata%20Cusco";"Cerámica, imaginería, pintura, talla en madera, orfebrería y textiles.";"A consultar por autor y pieza. No equivale al precio mínimo de un mercado de recuerdos.";"Barrio artesanal documentado; cada taller tiene atención propia.";"Interesa por los talleres con autor y la posibilidad de hablar sobre el oficio. El jueves de vuestra visita no debe confundirse con una feria sabatina; el mercado de abastos de Chihuampata es otro lugar.";"Preguntar si la pieza fue hecha allí. El taller de Sabino encaja en este paseo para comparar charangos.";"";"https://consultasenlinea.mincetur.gob.pe/fichaInventario/index.aspx?cod_Ficha=3655";"6 septiembre 2026"
"Cusco";"Centro de Textiles Tradicionales del Cusco";"Tienda, museo y centro textil";"artesanos";"prioritario";"17 sep, aprovechando la visita a Qorikancha";"Av. El Sol 603, junto a Qorikancha";"https://www.google.com/maps/search/?api=1&query=Centro%20de%20Textiles%20Tradicionales%20del%20Cusco%20Avenida%20El%20Sol%20603";"Textiles de diez comunidades, con explicación del proceso de tejido.";"A consultar por pieza, fibra y técnica; sin precio local verificado.";"Lunes–viernes 8:30–18:00; sábado 9:30–17:00; domingo cerrado, según la web del CTTC.";"Opción especialmente útil para conocer el origen de la pieza. El museo Weaving Lives tiene entrada gratuita. No es un mercadillo ni una promesa de precio bajo.";"Buen plan alternativo si Chinchero no confirma apertura el domingo 13. Preguntar por comunidad, fibra y cuidado del tejido.";"";"https://www.textilescusco.org/contact";"6 septiembre 2026"
"Cusco";"Luthier Sabino Huamán";"Taller de instrumentos";"charangos, artesanos";"prioritario";"17 sep, en el paseo por San Blas";"Tandapata 370, San Blas";"https://www.google.com/maps/search/?api=1&query=Luthier%20Sabino%20Huaman%20Tandapata%20370%20Cusco";"Charangos e instrumentos andinos artesanales.";"A consultar. No hay tarifa actual fiable; no usar precios históricos como presupuesto vigente.";"Taller y dirección documentados en guías; confirmar atención e instrumentos terminados.";"Constructor con trayectoria documentada. La visita permite valorar sonido, comodidad y oficio; no se ha demostrado que sea la opción más barata.";"Llevar la referencia obtenida en Pisac. Pedir demostración afinada, revisar trastes y acordar funda o estuche. Evitar un encargo cuyo plazo exceda la estancia.";"";"https://www.petitfute.com/v40079-cusco/c1168-shopping-mode-cadeaux/c1102-musique/c647-instrument-materiel/1615852-don-sabino.html | https://elcomercio.pe/luces/arte/cusco-open-studios-artistas-artesanos-abren-talleres-noticia-468579-noticia/";"6 septiembre 2026"
"Cusco";"Yaparu · calle Bellavista";"Tienda de instrumentos y accesorios";"charangos";"confirmar";"17–18 sep, solo tras confirmar charangos completos";"Calle Bellavista B-9";"https://www.google.com/maps/search/?api=1&query=Yaparu%20Calle%20Bellavista%20B-9%20Cusco";"Accesorios y cuerdas de charango verificados en catálogo.";"Sin precio verificado de un charango completo.";"Se han verificado accesorios; la venta del instrumento completo sigue pendiente de confirmar.";"Hay recomendaciones de compradores sobre las tiendas de Bellavista para comparar. Son experiencias, no una comprobación de precios ni de calidad de cada comercio.";"Preguntar expresamente por charangos listos para tocar antes de hacer el desvío. No interpretar una categoría de cuerdas como stock de instrumentos.";"+51 966 725 585";"https://yaparu.com/categoria-producto/accesorios/accesorios-de-charango/ | https://www.reddit.com/r/cusco/comments/1bso6mf";"6 septiembre 2026"
"Cusco";"Old Peru Replicas / Ccahuana Art";"Taller y catálogo de réplicas contemporáneas";"vasijas, artesanos";"prioritario";"Contactar antes del viaje; posible recogida el 17–18 sep";"Triunfo 392, Arte Inka Shopping Center, tienda 115; confirmar recogida";"https://www.google.com/maps/search/?api=1&query=Old%20Peru%20Replicas%20Ccahuana%20Art%20Triunfo%20392%20Cusco";"Vasijas silbadoras de agua, modelos de animales y figuras andinas.";"USD 149: cóndor, ave, mono, búho y otros modelos; USD 179: guacamayo y perro grande; USD 219: perro peruano.";"Modelos publicados; stock, precio presencial y punto de recogida por confirmar.";"La opción más concreta de la investigación para una vasija con modelo y precio publicado. El taller de la familia Ccahuana trabaja reproducciones contemporáneas; la ubicación procede de una ficha de viajeros.";"Solicitar precio para recoger en Cusco, desglose de embalaje y documentación, y vídeo del modelo funcionando con agua. No asumir que el precio web internacional sea la tarifa local ni convertir USD a soles con un cambio inventado.";"";"https://oldperureplicas.com/ | https://www.tripadvisor.in/Attraction_Review-g294314-d10833227-Reviews-Old_Peru_Replicas-Cusco_Cusco_Region.html";"6 septiembre 2026"
"Cusco";"Cerámicas Andina Cusco";"Proveedor de cerámica · anuncio en directorio";"vasijas";"confirmar";"Consultar antes del viaje; no desplazarse sin ubicación acordada";"Cusco; dirección comercial exacta pendiente de confirmar";"https://www.google.com/maps/search/?api=1&query=Ceramicas%20Andina%20Cusco";"Anuncio específico de «Huaco Silbador».";"A cotizar; no hay precio publicado verificable.";"Producto anunciado; dirección, stock y mecanismo con agua pendientes de confirmar.";"Segunda consulta útil para obtener un presupuesto real. Un anuncio en Construex no confirma existencias, funcionamiento ni un punto de venta abierto al público.";"Pedir foto, medidas, vídeo con agua, importe total, ubicación y condiciones de recogida antes de decidir.";"";"https://www.construex.com.pe/exhibidores/ceramicas_andina_cusco/producto/huaco_silbador";"6 septiembre 2026"
"Puerto Maldonado";"Centro Turístico Artesanal de Puerto Maldonado";"Centro artesanal · referencia por confirmar";"mercados, artesanos";"confirmar";"19–21 sep, únicamente si encaja con los traslados del lodge";"Jirón Billinghurst 480 — dirección de una guía PROMPERÚ de 2018";"https://www.google.com/maps/search/?api=1&query=Centro%20Turistico%20Artesanal%20Jiron%20Billinghurst%20480%20Puerto%20Maldonado";"Referencia a artesanía de pueblos Ese Eja, Yine, Shipibo y Harakbut.";"A consultar; sin tarifas actuales verificadas.";"Dirección y actividad procedentes de 2018; actualidad por confirmar. Sin charangos ni vasijas de agua específicos localizados.";"La guía de PROMPERÚ describe cinco puestos, pero no se ha verificado su operación actual. No tratarlo como una visita confirmada ni asumir que queda tiempo libre en ciudad.";"Consultar al lodge por venta de artesanía comunitaria y por la situación del centro antes de organizar un desvío.";"";"https://repositorio.promperu.gob.pe/server/api/core/bitstreams/4b9b0bab-c777-4023-85b3-bce94151cf10/content";"6 septiembre 2026"